repo,package,current,wanted,latest
posx-comet-admin,@ariakit/react,0.4.15,0.4.39,0.4.39
posx-comet-admin,@dnd-kit/sortable,8.0.0,8.0.0,10.0.0
posx-comet-admin,@hookform/resolvers,3.4.2,3.4.2,5.9.1
posx-comet-admin,@medusajs/admin-shared,2.6.0,2.20.1,2.20.1
posx-comet-admin,@medusajs/admin-vite-plugin,2.6.0,2.20.1,2.20.1
posx-comet-admin,@medusajs/icons,2.11.1,2.20.1,2.20.1
posx-comet-admin,@medusajs/js-sdk,2.6.0,2.20.1,2.20.1
posx-comet-admin,@medusajs/types,2.6.0,2.20.1,2.20.1
posx-comet-admin,@medusajs/ui,4.0.6,4.0.34,4.2.3
posx-comet-admin,@medusajs/ui-preset,2.6.0,2.20.1,2.20.1
posx-comet-admin,@tanstack/react-query,5.64.2,5.64.2,5.102.8
posx-comet-admin,@tanstack/react-table,8.20.5,8.20.5,9.2.4
posx-comet-admin,@tanstack/react-virtual,3.13.2,3.14.10,3.14.10
posx-comet-admin,@types/node,20.17.24,20.19.43,26.4.1
posx-comet-admin,@types/react,18.3.18,18.3.31,19.2.18
posx-comet-admin,@types/react-dom,18.3.5,18.3.7,19.2.7
posx-comet-admin,@uiw/react-json-view,2.0.0-alpha.30,2.0.0-alpha.43,2.0.0-alpha.43
posx-comet-admin,@vitejs/plugin-react,4.2.1,4.2.1,6.1.1
posx-comet-admin,ajv,8.17.1,8.20.0,8.20.0
posx-comet-admin,autoprefixer,10.4.21,10.5.4,10.5.4
posx-comet-admin,cmdk,0.2.1,0.2.1,1.1.1
posx-comet-admin,date-fns,3.6.0,3.6.0,4.4.0
posx-comet-admin,i18next,23.7.11,23.7.11,26.4.2
posx-comet-admin,i18next-browser-languagedetector,7.2.0,7.2.0,8.2.1
posx-comet-admin,i18next-http-backend,2.4.2,2.4.2,4.0.2
posx-comet-admin,lodash,4.17.21,4.18.1,4.18.1
posx-comet-admin,match-sorter,6.3.4,6.3.4,8.3.0
posx-comet-admin,motion,11.18.2,11.18.2,13.2.0
posx-comet-admin,postcss,8.5.3,8.5.28,8.5.28
posx-comet-admin,prettier,3.5.3,3.9.6,3.9.6
posx-comet-admin,qs,6.14.0,6.16.0,6.16.0
posx-comet-admin,radix-ui,1.1.2,1.1.2,1.6.7
posx-comet-admin,react,18.3.1,18.3.1,19.2.8
posx-comet-admin,react-currency-input-field,3.10.0,3.10.0,4.0.6
posx-comet-admin,react-dom,18.3.1,18.3.1,19.2.8
posx-comet-admin,react-helmet-async,2.0.5,2.0.5,3.0.0
posx-comet-admin,react-hook-form,7.49.1,7.49.1,7.87.0
posx-comet-admin,react-i18next,13.5.0,13.5.0,17.0.13
posx-comet-admin,react-jwt,1.2.2,1.3.0,2.1.1
posx-comet-admin,react-router-dom,6.20.1,6.20.1,7.18.3
posx-comet-admin,tailwindcss,3.4.17,3.4.19,4.3.3
posx-comet-admin,tsup,8.4.0,8.5.1,8.5.1
posx-comet-admin,typescript,5.2.2,5.2.2,7.0.2
posx-comet-admin,vite,5.4.14,5.4.21,8.2.2
posx-comet-admin,vite-plugin-inspect,0.8.9,0.8.9,12.0.2
posx-comet-admin,vitest,3.0.8,3.2.7,5.0.0
posx-comet-admin,zod,3.22.4,3.22.4,4.5.4
posx-comet-backend,@aws-sdk/client-s3,3.1102.0,3.1126.0,3.1126.0
posx-comet-backend,@aws-sdk/client-ses,3.758.0,3.1126.0,3.1126.0
posx-comet-backend,@aws-sdk/lib-storage,3.1102.0,3.1126.0,3.1126.0
posx-comet-backend,@aws-sdk/s3-request-presigner,3.1102.0,3.1126.0,3.1126.0
posx-comet-backend,@devxcommerce/shopify,0.0.111,0.0.111,0.0.117
posx-comet-backend,@medusajs/admin-sdk,2.6.1,2.20.1,2.20.1
posx-comet-backend,@medusajs/cli,2.6.1,2.20.1,2.20.1
posx-comet-backend,@medusajs/framework,2.6.1,2.20.1,2.20.1
posx-comet-backend,@medusajs/medusa,2.6.1,2.20.1,2.20.1
posx-comet-backend,@medusajs/test-utils,2.6.0,2.6.0,2.20.1
posx-comet-backend,@mikro-orm/cli,6.4.3,6.4.3,7.1.15
posx-comet-backend,@mikro-orm/core,6.4.3,6.4.3,7.1.15
posx-comet-backend,@mikro-orm/knex,6.4.3,6.4.3,6.6.14
posx-comet-backend,@mikro-orm/migrations,6.4.3,6.4.3,7.1.15
posx-comet-backend,@mikro-orm/postgresql,6.4.3,6.4.3,7.1.15
posx-comet-backend,@slack/web-api,7.17.0,7.19.0,8.1.1
posx-comet-backend,@swc/core,1.5.7,1.5.7,1.16.1
posx-comet-backend,@swc/jest,0.2.37,0.2.39,0.2.39
posx-comet-backend,@types/jest,29.5.14,29.5.14,30.0.0
posx-comet-backend,@types/node,20.17.16,20.19.43,26.4.1
posx-comet-backend,@types/react,18.3.18,18.3.31,19.2.18
posx-comet-backend,@types/react-dom,18.3.5,18.3.7,19.2.7
posx-comet-backend,awilix,8.0.1,8.0.1,13.0.5
posx-comet-backend,axios,1.18.0,1.20.0,1.20.0
posx-comet-backend,cors,2.8.5,2.8.6,2.8.6
posx-comet-backend,csv-parse,5.6.0,5.6.0,7.0.2
posx-comet-backend,ejs,3.1.10,3.1.10,6.0.1
posx-comet-backend,jest,29.7.0,29.7.0,30.5.1
posx-comet-backend,nodemailer,6.10.0,6.10.1,9.1.1
posx-comet-backend,pg,8.13.1,8.23.0,8.23.0
posx-comet-backend,prettier,3.5.3,3.9.6,3.9.6
posx-comet-backend,prettier-plugin-tailwindcss,0.6.11,0.6.14,0.8.1
posx-comet-backend,puppeteer,24.4.0,24.43.1,25.10.0
posx-comet-backend,razorpay,2.9.6,2.9.8,2.9.8
posx-comet-backend,react,18.3.1,18.3.1,19.2.8
posx-comet-backend,react-dom,18.3.1,18.3.1,19.2.8
posx-comet-backend,typescript,5.7.3,5.9.3,7.0.2
posx-comet-backend,vite,5.4.14,5.4.21,8.2.2
posx-comet-store,error,?,?,?
posx-demo-admin,@ariakit/react,0.4.15,0.4.39,0.4.39
posx-demo-admin,@dnd-kit/sortable,8.0.0,8.0.0,10.0.0
posx-demo-admin,@hookform/resolvers,3.4.2,3.4.2,5.9.1
posx-demo-admin,@medusajs/admin-shared,2.6.0,2.20.1,2.20.1
posx-demo-admin,@medusajs/admin-vite-plugin,2.6.0,2.20.1,2.20.1
posx-demo-admin,@medusajs/icons,2.6.0,2.20.1,2.20.1
posx-demo-admin,@medusajs/js-sdk,2.6.0,2.20.1,2.20.1
posx-demo-admin,@medusajs/types,2.6.0,2.20.1,2.20.1
posx-demo-admin,@medusajs/ui,4.0.6,4.0.34,4.2.3
posx-demo-admin,@medusajs/ui-preset,2.6.0,2.20.1,2.20.1
posx-demo-admin,@tanstack/react-query,5.64.2,5.64.2,5.102.8
posx-demo-admin,@tanstack/react-table,8.20.5,8.20.5,9.2.4
posx-demo-admin,@tanstack/react-virtual,3.13.2,3.14.10,3.14.10
posx-demo-admin,@types/node,20.17.24,20.19.43,26.4.1
posx-demo-admin,@types/react,18.3.18,18.3.31,19.2.18
posx-demo-admin,@types/react-dom,18.3.5,18.3.7,19.2.7
posx-demo-admin,@uiw/react-json-view,2.0.0-alpha.30,2.0.0-alpha.43,2.0.0-alpha.43
posx-demo-admin,@vitejs/plugin-react,4.2.1,4.2.1,6.1.1
posx-demo-admin,ajv,8.17.1,8.20.0,8.20.0
posx-demo-admin,autoprefixer,10.4.21,10.5.4,10.5.4
posx-demo-admin,cmdk,0.2.1,0.2.1,1.1.1
posx-demo-admin,date-fns,3.6.0,3.6.0,4.4.0
posx-demo-admin,i18next,23.7.11,23.7.11,26.4.2
posx-demo-admin,i18next-browser-languagedetector,7.2.0,7.2.0,8.2.1
posx-demo-admin,i18next-http-backend,2.4.2,2.4.2,4.0.2
posx-demo-admin,lodash,4.17.21,4.18.1,4.18.1
posx-demo-admin,match-sorter,6.3.4,6.3.4,8.3.0
posx-demo-admin,motion,11.18.2,11.18.2,13.2.0
posx-demo-admin,postcss,8.5.3,8.5.28,8.5.28
posx-demo-admin,prettier,3.5.3,3.9.6,3.9.6
posx-demo-admin,qs,6.14.0,6.16.0,6.16.0
posx-demo-admin,radix-ui,1.1.2,1.1.2,1.6.7
posx-demo-admin,react,18.3.1,18.3.1,19.2.8
posx-demo-admin,react-currency-input-field,3.10.0,3.10.0,4.0.6
posx-demo-admin,react-dom,18.3.1,18.3.1,19.2.8
posx-demo-admin,react-helmet-async,2.0.5,2.0.5,3.0.0
posx-demo-admin,react-hook-form,7.49.1,7.49.1,7.87.0
posx-demo-admin,react-i18next,13.5.0,13.5.0,17.0.13
posx-demo-admin,react-jwt,1.2.2,1.3.0,2.1.1
posx-demo-admin,react-router-dom,6.20.1,6.20.1,7.18.3
posx-demo-admin,tailwindcss,3.4.17,3.4.19,4.3.3
posx-demo-admin,tsup,8.4.0,8.5.1,8.5.1
posx-demo-admin,typescript,5.2.2,5.2.2,7.0.2
posx-demo-admin,vite,5.4.14,5.4.21,8.2.2
posx-demo-admin,vite-plugin-inspect,0.8.9,0.8.9,12.0.2
posx-demo-admin,vitest,3.0.8,3.2.7,5.0.0
posx-demo-admin,zod,3.22.4,3.22.4,4.5.4
posx-demo-backend,@aws-sdk/client-s3,3.774.0,3.1126.0,3.1126.0
posx-demo-backend,@aws-sdk/client-ses,3.758.0,3.1126.0,3.1126.0
posx-demo-backend,@devxcommerce/shopify,0.0.115,0.0.115,0.0.117
posx-demo-backend,@medusajs/admin-sdk,2.9.0,2.20.1,2.20.1
posx-demo-backend,@medusajs/cli,2.9.0,2.20.1,2.20.1
posx-demo-backend,@medusajs/framework,2.9.0,2.20.1,2.20.1
posx-demo-backend,@medusajs/medusa,2.9.0,2.20.1,2.20.1
posx-demo-backend,@medusajs/test-utils,2.8.8,2.8.8,2.20.1
posx-demo-backend,@mikro-orm/cli,6.4.3,6.4.3,7.1.15
posx-demo-backend,@mikro-orm/core,6.4.3,6.4.3,7.1.15
posx-demo-backend,@mikro-orm/knex,6.4.3,6.4.3,6.6.14
posx-demo-backend,@mikro-orm/migrations,6.4.3,6.4.3,7.1.15
posx-demo-backend,@mikro-orm/postgresql,6.4.3,6.4.3,7.1.15
posx-demo-backend,@swc/core,1.5.7,1.5.7,1.16.1
posx-demo-backend,@swc/jest,0.2.37,0.2.39,0.2.39
posx-demo-backend,@types/jest,29.5.14,29.5.14,30.0.0
posx-demo-backend,@types/node,20.17.16,20.19.43,26.4.1
posx-demo-backend,@types/react,18.3.18,18.3.31,19.2.18
posx-demo-backend,@types/react-dom,18.3.5,18.3.7,19.2.7
posx-demo-backend,awilix,8.0.1,8.0.1,13.0.5
posx-demo-backend,axios,1.8.4,1.20.0,1.20.0
posx-demo-backend,cors,2.8.5,2.8.6,2.8.6
posx-demo-backend,csv-parse,5.6.0,5.6.0,7.0.2
posx-demo-backend,ejs,3.1.10,3.1.10,6.0.1
posx-demo-backend,jest,29.7.0,29.7.0,30.5.1
posx-demo-backend,nodemailer,6.10.0,6.10.1,9.1.1
posx-demo-backend,pg,8.13.1,8.23.0,8.23.0
posx-demo-backend,prettier,3.5.3,3.9.6,3.9.6
posx-demo-backend,prettier-plugin-tailwindcss,0.6.11,0.6.14,0.8.1
posx-demo-backend,puppeteer,24.4.0,24.43.1,25.10.0
posx-demo-backend,razorpay,2.9.6,2.9.8,2.9.8
posx-demo-backend,react,18.3.1,18.3.1,19.2.8
posx-demo-backend,react-dom,18.3.1,18.3.1,19.2.8
posx-demo-backend,typescript,5.7.3,5.9.3,7.0.2
posx-demo-backend,vite,5.4.14,5.4.21,8.2.2
posx-demo-store,error,?,?,?
posx-eume-admin,@ariakit/react,0.4.15,0.4.39,0.4.39
posx-eume-admin,@dnd-kit/sortable,8.0.0,8.0.0,10.0.0
posx-eume-admin,@hookform/resolvers,3.4.2,3.4.2,5.9.1
posx-eume-admin,@medusajs/admin-shared,2.6.0,2.20.1,2.20.1
posx-eume-admin,@medusajs/admin-vite-plugin,2.6.0,2.20.1,2.20.1
posx-eume-admin,@medusajs/icons,2.6.0,2.20.1,2.20.1
posx-eume-admin,@medusajs/js-sdk,2.6.0,2.20.1,2.20.1
posx-eume-admin,@medusajs/types,2.6.0,2.20.1,2.20.1
posx-eume-admin,@medusajs/ui,4.0.6,4.0.34,4.2.3
posx-eume-admin,@medusajs/ui-preset,2.6.0,2.20.1,2.20.1
posx-eume-admin,@tanstack/react-query,5.64.2,5.64.2,5.102.8
posx-eume-admin,@tanstack/react-table,8.20.5,8.20.5,9.2.4
posx-eume-admin,@tanstack/react-virtual,3.13.2,3.14.10,3.14.10
posx-eume-admin,@types/node,20.17.24,20.19.43,26.4.1
posx-eume-admin,@types/react,18.3.18,18.3.31,19.2.18
posx-eume-admin,@types/react-dom,18.3.5,18.3.7,19.2.7
posx-eume-admin,@uiw/react-json-view,2.0.0-alpha.30,2.0.0-alpha.43,2.0.0-alpha.43
posx-eume-admin,@vitejs/plugin-react,4.2.1,4.2.1,6.1.1
posx-eume-admin,ajv,8.17.1,8.20.0,8.20.0
posx-eume-admin,autoprefixer,10.4.21,10.5.4,10.5.4
posx-eume-admin,axios,1.12.2,1.20.0,1.20.0
posx-eume-admin,cmdk,0.2.1,0.2.1,1.1.1
posx-eume-admin,date-fns,3.6.0,3.6.0,4.4.0
posx-eume-admin,i18next,23.7.11,23.7.11,26.4.2
posx-eume-admin,i18next-browser-languagedetector,7.2.0,7.2.0,8.2.1
posx-eume-admin,i18next-http-backend,2.4.2,2.4.2,4.0.2
posx-eume-admin,lodash,4.17.21,4.18.1,4.18.1
posx-eume-admin,match-sorter,6.3.4,6.3.4,8.3.0
posx-eume-admin,motion,11.18.2,11.18.2,13.2.0
posx-eume-admin,postcss,8.5.3,8.5.28,8.5.28
posx-eume-admin,prettier,3.5.3,3.9.6,3.9.6
posx-eume-admin,qs,6.14.0,6.16.0,6.16.0
posx-eume-admin,radix-ui,1.1.2,1.1.2,1.6.7
posx-eume-admin,react,18.3.1,18.3.1,19.2.8
posx-eume-admin,react-currency-input-field,3.10.0,3.10.0,4.0.6
posx-eume-admin,react-dom,18.3.1,18.3.1,19.2.8
posx-eume-admin,react-helmet-async,2.0.5,2.0.5,3.0.0
posx-eume-admin,react-hook-form,7.49.1,7.49.1,7.87.0
posx-eume-admin,react-i18next,13.5.0,13.5.0,17.0.13
posx-eume-admin,react-jwt,1.2.2,1.3.0,2.1.1
posx-eume-admin,react-router-dom,6.20.1,6.20.1,7.18.3
posx-eume-admin,tailwindcss,3.4.17,3.4.19,4.3.3
posx-eume-admin,tsup,8.4.0,8.5.1,8.5.1
posx-eume-admin,typescript,5.2.2,5.2.2,7.0.2
posx-eume-admin,vite,5.4.14,5.4.21,8.2.2
posx-eume-admin,vite-plugin-inspect,0.8.9,0.8.9,12.0.2
posx-eume-admin,vitest,3.0.8,3.2.7,5.0.0
posx-eume-admin,zod,3.22.4,3.22.4,4.5.4
posx-eume-backend,@aws-sdk/client-s3,3.774.0,3.1126.0,3.1126.0
posx-eume-backend,@aws-sdk/client-ses,3.758.0,3.1126.0,3.1126.0
posx-eume-backend,@devxcommerce/shopify,0.0.115,0.0.115,0.0.117
posx-eume-backend,@medusajs/admin-sdk,2.9.0,2.20.1,2.20.1
posx-eume-backend,@medusajs/cli,2.9.0,2.20.1,2.20.1
posx-eume-backend,@medusajs/framework,2.9.0,2.20.1,2.20.1
posx-eume-backend,@medusajs/medusa,2.9.0,2.20.1,2.20.1
posx-eume-backend,@medusajs/test-utils,2.8.8,2.8.8,2.20.1
posx-eume-backend,@mikro-orm/cli,6.4.3,6.4.3,7.1.15
posx-eume-backend,@mikro-orm/core,6.4.3,6.4.3,7.1.15
posx-eume-backend,@mikro-orm/knex,6.4.3,6.4.3,6.6.14
posx-eume-backend,@mikro-orm/migrations,6.4.3,6.4.3,7.1.15
posx-eume-backend,@mikro-orm/postgresql,6.4.3,6.4.3,7.1.15
posx-eume-backend,@slack/types,2.21.1,2.22.0,3.1.0
posx-eume-backend,@slack/web-api,7.17.0,7.19.0,8.1.1
posx-eume-backend,@slack/webhook,7.2.0,7.2.0,8.0.2
posx-eume-backend,@swc/core,1.5.7,1.5.7,1.16.1
posx-eume-backend,@swc/jest,0.2.37,0.2.39,0.2.39
posx-eume-backend,@types/jest,29.5.14,29.5.14,30.0.0
posx-eume-backend,@types/node,20.17.16,20.19.43,26.4.1
posx-eume-backend,@types/react,18.3.18,18.3.31,19.2.18
posx-eume-backend,@types/react-dom,18.3.5,18.3.7,19.2.7
posx-eume-backend,awilix,8.0.1,8.0.1,13.0.5
posx-eume-backend,axios,1.18.1,1.20.0,1.20.0
posx-eume-backend,cors,2.8.5,2.8.6,2.8.6
posx-eume-backend,csv-parse,5.6.0,5.6.0,7.0.2
posx-eume-backend,ejs,3.1.10,3.1.10,6.0.1
posx-eume-backend,jest,29.7.0,29.7.0,30.5.1
posx-eume-backend,nodemailer,6.10.0,6.10.1,9.1.1
posx-eume-backend,pg,8.13.1,8.23.0,8.23.0
posx-eume-backend,prettier,3.5.3,3.9.6,3.9.6
posx-eume-backend,prettier-plugin-tailwindcss,0.6.11,0.6.14,0.8.1
posx-eume-backend,puppeteer,24.4.0,24.43.1,25.10.0
posx-eume-backend,razorpay,2.9.6,2.9.8,2.9.8
posx-eume-backend,react,18.3.1,18.3.1,19.2.8
posx-eume-backend,react-dom,18.3.1,18.3.1,19.2.8
posx-eume-backend,typescript,5.7.3,5.9.3,7.0.2
posx-eume-backend,vite,5.4.14,5.4.21,8.2.2
posx-eume-store,error,?,?,?
posx-frido-admin,@ariakit/react,0.4.15,0.4.39,0.4.39
posx-frido-admin,@dnd-kit/sortable,8.0.0,8.0.0,10.0.0
posx-frido-admin,@hookform/resolvers,3.4.2,3.4.2,5.9.1
posx-frido-admin,@medusajs/admin-shared,2.6.0,2.20.1,2.20.1
posx-frido-admin,@medusajs/admin-vite-plugin,2.6.0,2.20.1,2.20.1
posx-frido-admin,@medusajs/icons,2.6.0,2.20.1,2.20.1
posx-frido-admin,@medusajs/js-sdk,2.6.0,2.20.1,2.20.1
posx-frido-admin,@medusajs/types,2.6.0,2.20.1,2.20.1
posx-frido-admin,@medusajs/ui,4.0.6,4.0.34,4.2.3
posx-frido-admin,@medusajs/ui-preset,2.6.0,2.20.1,2.20.1
posx-frido-admin,@tanstack/react-query,5.64.2,5.64.2,5.102.8
posx-frido-admin,@tanstack/react-table,8.20.5,8.20.5,9.2.4
posx-frido-admin,@tanstack/react-virtual,3.13.2,3.14.10,3.14.10
posx-frido-admin,@types/node,20.17.24,20.19.43,26.4.1
posx-frido-admin,@types/react,18.3.18,18.3.31,19.2.18
posx-frido-admin,@types/react-dom,18.3.5,18.3.7,19.2.7
posx-frido-admin,@uiw/react-json-view,2.0.0-alpha.30,2.0.0-alpha.43,2.0.0-alpha.43
posx-frido-admin,@vitejs/plugin-react,4.2.1,4.2.1,6.1.1
posx-frido-admin,ajv,8.17.1,8.20.0,8.20.0
posx-frido-admin,autoprefixer,10.4.21,10.5.4,10.5.4
posx-frido-admin,axios,1.12.2,1.20.0,1.20.0
posx-frido-admin,cmdk,0.2.1,0.2.1,1.1.1
posx-frido-admin,date-fns,3.6.0,3.6.0,4.4.0
posx-frido-admin,i18next,23.7.11,23.7.11,26.4.2
posx-frido-admin,i18next-browser-languagedetector,7.2.0,7.2.0,8.2.1
posx-frido-admin,i18next-http-backend,2.4.2,2.4.2,4.0.2
posx-frido-admin,lodash,4.17.21,4.18.1,4.18.1
posx-frido-admin,match-sorter,6.3.4,6.3.4,8.3.0
posx-frido-admin,motion,11.18.2,11.18.2,13.2.0
posx-frido-admin,postcss,8.5.3,8.5.28,8.5.28
posx-frido-admin,prettier,3.5.3,3.9.6,3.9.6
posx-frido-admin,qs,6.14.0,6.16.0,6.16.0
posx-frido-admin,radix-ui,1.1.2,1.1.2,1.6.7
posx-frido-admin,react,18.3.1,18.3.1,19.2.8
posx-frido-admin,react-currency-input-field,3.10.0,3.10.0,4.0.6
posx-frido-admin,react-dom,18.3.1,18.3.1,19.2.8
posx-frido-admin,react-helmet-async,2.0.5,2.0.5,3.0.0
posx-frido-admin,react-hook-form,7.49.1,7.49.1,7.87.0
posx-frido-admin,react-i18next,13.5.0,13.5.0,17.0.13
posx-frido-admin,react-jwt,1.2.2,1.3.0,2.1.1
posx-frido-admin,react-router-dom,6.20.1,6.20.1,7.18.3
posx-frido-admin,recharts,3.8.1,3.10.1,3.10.1
posx-frido-admin,tailwindcss,3.4.17,3.4.19,4.3.3
posx-frido-admin,tsup,8.4.0,8.5.1,8.5.1
posx-frido-admin,typescript,5.2.2,5.2.2,7.0.2
posx-frido-admin,vite,5.4.14,5.4.21,8.2.2
posx-frido-admin,vite-plugin-inspect,0.8.9,0.8.9,12.0.2
posx-frido-admin,vitest,3.0.8,3.2.7,5.0.0
posx-frido-admin,zod,3.22.4,3.22.4,4.5.4
posx-frido-b2b-admin,@ariakit/react,0.4.15,0.4.39,0.4.39
posx-frido-b2b-admin,@dnd-kit/sortable,8.0.0,8.0.0,10.0.0
posx-frido-b2b-admin,@hookform/resolvers,3.4.2,3.4.2,5.9.1
posx-frido-b2b-admin,@medusajs/admin-shared,2.6.0,2.20.1,2.20.1
posx-frido-b2b-admin,@medusajs/admin-vite-plugin,2.6.0,2.20.1,2.20.1
posx-frido-b2b-admin,@medusajs/icons,2.6.0,2.20.1,2.20.1
posx-frido-b2b-admin,@medusajs/js-sdk,2.6.0,2.20.1,2.20.1
posx-frido-b2b-admin,@medusajs/types,2.6.0,2.20.1,2.20.1
posx-frido-b2b-admin,@medusajs/ui,4.0.6,4.0.34,4.2.3
posx-frido-b2b-admin,@medusajs/ui-preset,2.6.0,2.20.1,2.20.1
posx-frido-b2b-admin,@tanstack/react-query,5.64.2,5.64.2,5.102.8
posx-frido-b2b-admin,@tanstack/react-table,8.20.5,8.20.5,9.2.4
posx-frido-b2b-admin,@tanstack/react-virtual,3.13.2,3.14.10,3.14.10
posx-frido-b2b-admin,@types/node,20.17.24,20.19.43,26.4.1
posx-frido-b2b-admin,@types/react,18.3.18,18.3.31,19.2.18
posx-frido-b2b-admin,@types/react-dom,18.3.5,18.3.7,19.2.7
posx-frido-b2b-admin,@uiw/react-json-view,2.0.0-alpha.30,2.0.0-alpha.43,2.0.0-alpha.43
posx-frido-b2b-admin,@vitejs/plugin-react,4.2.1,4.2.1,6.1.1
posx-frido-b2b-admin,ajv,8.17.1,8.20.0,8.20.0
posx-frido-b2b-admin,autoprefixer,10.4.21,10.5.4,10.5.4
posx-frido-b2b-admin,axios,1.12.2,1.20.0,1.20.0
posx-frido-b2b-admin,cmdk,0.2.1,0.2.1,1.1.1
posx-frido-b2b-admin,date-fns,3.6.0,3.6.0,4.4.0
posx-frido-b2b-admin,i18next,23.7.11,23.7.11,26.4.2
posx-frido-b2b-admin,i18next-browser-languagedetector,7.2.0,7.2.0,8.2.1
posx-frido-b2b-admin,i18next-http-backend,2.4.2,2.4.2,4.0.2
posx-frido-b2b-admin,lodash,4.17.21,4.18.1,4.18.1
posx-frido-b2b-admin,match-sorter,6.3.4,6.3.4,8.3.0
posx-frido-b2b-admin,motion,11.18.2,11.18.2,13.2.0
posx-frido-b2b-admin,postcss,8.5.3,8.5.28,8.5.28
posx-frido-b2b-admin,prettier,3.5.3,3.9.6,3.9.6
posx-frido-b2b-admin,qs,6.14.0,6.16.0,6.16.0
posx-frido-b2b-admin,radix-ui,1.1.2,1.1.2,1.6.7
posx-frido-b2b-admin,react,18.3.1,18.3.1,19.2.8
posx-frido-b2b-admin,react-currency-input-field,3.10.0,3.10.0,4.0.6
posx-frido-b2b-admin,react-dom,18.3.1,18.3.1,19.2.8
posx-frido-b2b-admin,react-helmet-async,2.0.5,2.0.5,3.0.0
posx-frido-b2b-admin,react-hook-form,7.49.1,7.49.1,7.87.0
posx-frido-b2b-admin,react-i18next,13.5.0,13.5.0,17.0.13
posx-frido-b2b-admin,react-jwt,1.2.2,1.3.0,2.1.1
posx-frido-b2b-admin,react-router-dom,6.20.1,6.20.1,7.18.3
posx-frido-b2b-admin,tailwindcss,3.4.17,3.4.19,4.3.3
posx-frido-b2b-admin,tsup,8.4.0,8.5.1,8.5.1
posx-frido-b2b-admin,typescript,5.2.2,5.2.2,7.0.2
posx-frido-b2b-admin,vite,5.4.14,5.4.21,8.2.2
posx-frido-b2b-admin,vite-plugin-inspect,0.8.9,0.8.9,12.0.2
posx-frido-b2b-admin,vitest,3.0.8,3.2.7,5.0.0
posx-frido-b2b-admin,zod,3.22.4,3.22.4,4.5.4
posx-frido-b2b-backend,@aws-sdk/client-s3,3.774.0,3.1126.0,3.1126.0
posx-frido-b2b-backend,@aws-sdk/client-ses,3.758.0,3.1126.0,3.1126.0
posx-frido-b2b-backend,@devxcommerce/shopify,0.0.115,0.0.115,0.0.117
posx-frido-b2b-backend,@eslint/js,9.30.1,9.39.5,10.0.1
posx-frido-b2b-backend,@medusajs/admin-sdk,2.6.1,2.20.1,2.20.1
posx-frido-b2b-backend,@medusajs/cli,2.6.1,2.20.1,2.20.1
posx-frido-b2b-backend,@medusajs/framework,2.6.1,2.20.1,2.20.1
posx-frido-b2b-backend,@medusajs/medusa,2.6.1,2.20.1,2.20.1
posx-frido-b2b-backend,@medusajs/test-utils,2.6.0,2.6.0,2.20.1
posx-frido-b2b-backend,@mikro-orm/cli,6.4.3,6.4.3,7.1.15
posx-frido-b2b-backend,@mikro-orm/core,6.4.3,6.4.3,7.1.15
posx-frido-b2b-backend,@mikro-orm/knex,6.4.3,6.4.3,6.6.14
posx-frido-b2b-backend,@mikro-orm/migrations,6.4.3,6.4.3,7.1.15
posx-frido-b2b-backend,@mikro-orm/postgresql,6.4.3,6.4.3,7.1.15
posx-frido-b2b-backend,@swc/core,1.5.7,1.5.7,1.16.1
posx-frido-b2b-backend,@swc/jest,0.2.37,0.2.39,0.2.39
posx-frido-b2b-backend,@types/jest,29.5.14,29.5.14,30.0.0
posx-frido-b2b-backend,@types/node,20.17.16,20.19.43,26.4.1
posx-frido-b2b-backend,@types/react,18.3.18,18.3.31,19.2.18
posx-frido-b2b-backend,@types/react-dom,18.3.5,18.3.7,19.2.7
posx-frido-b2b-backend,awilix,8.0.1,8.0.1,13.0.5
posx-frido-b2b-backend,axios,1.8.4,1.20.0,1.20.0
posx-frido-b2b-backend,cors,2.8.5,2.8.6,2.8.6
posx-frido-b2b-backend,csv-parse,5.6.0,5.6.0,7.0.2
posx-frido-b2b-backend,ejs,3.1.10,3.1.10,6.0.1
posx-frido-b2b-backend,eslint,9.30.1,9.39.5,10.9.1
posx-frido-b2b-backend,jest,29.7.0,29.7.0,30.5.1
posx-frido-b2b-backend,lint-staged,16.1.2,16.4.0,17.4.1
posx-frido-b2b-backend,nodemailer,6.10.0,6.10.1,9.1.1
posx-frido-b2b-backend,pg,8.13.1,8.23.0,8.23.0
posx-frido-b2b-backend,prettier,3.6.2,3.9.6,3.9.6
posx-frido-b2b-backend,prettier-plugin-tailwindcss,0.6.11,0.6.14,0.8.1
posx-frido-b2b-backend,puppeteer,24.4.0,24.43.1,25.10.0
posx-frido-b2b-backend,razorpay,2.9.6,2.9.8,2.9.8
posx-frido-b2b-backend,react,18.3.1,18.3.1,19.2.8
posx-frido-b2b-backend,react-dom,18.3.1,18.3.1,19.2.8
posx-frido-b2b-backend,typescript,5.7.3,5.9.3,7.0.2
posx-frido-b2b-backend,typescript-eslint,8.36.0,8.69.0,8.69.0
posx-frido-b2b-backend,vite,5.4.14,5.4.21,8.2.2
posx-frido-b2b-store,error,?,?,?
posx-frido-backend,@aws-sdk/client-s3,3.774.0,3.1126.0,3.1126.0
posx-frido-backend,@aws-sdk/client-ses,3.758.0,3.1126.0,3.1126.0
posx-frido-backend,@devxcommerce/shopify,0.0.115,0.0.115,0.0.117
posx-frido-backend,@eslint/js,9.30.1,9.39.5,10.0.1
posx-frido-backend,@medusajs/admin-sdk,2.6.1,2.20.1,2.20.1
posx-frido-backend,@medusajs/cli,2.6.1,2.20.1,2.20.1
posx-frido-backend,@medusajs/framework,2.6.1,2.20.1,2.20.1
posx-frido-backend,@medusajs/medusa,2.6.1,2.20.1,2.20.1
posx-frido-backend,@medusajs/test-utils,2.6.0,2.6.0,2.20.1
posx-frido-backend,@medusajs/workflows-sdk,2.6.1,2.6.1,2.20.1
posx-frido-backend,@mikro-orm/cli,6.4.3,6.4.3,7.1.15
posx-frido-backend,@mikro-orm/core,6.4.3,6.4.3,7.1.15
posx-frido-backend,@mikro-orm/knex,6.4.3,6.4.3,6.6.14
posx-frido-backend,@mikro-orm/migrations,6.4.3,6.4.3,7.1.15
posx-frido-backend,@mikro-orm/postgresql,6.4.3,6.4.3,7.1.15
posx-frido-backend,@slack/web-api,7.14.1,7.19.0,8.1.1
posx-frido-backend,@slack/webhook,7.2.0,7.2.0,8.0.2
posx-frido-backend,@swc/core,1.5.7,1.5.7,1.16.1
posx-frido-backend,@swc/jest,0.2.37,0.2.39,0.2.39
posx-frido-backend,@types/jest,29.5.14,29.5.14,30.0.0
posx-frido-backend,@types/node,20.17.16,20.19.43,26.4.1
posx-frido-backend,@types/react,18.3.18,18.3.31,19.2.18
posx-frido-backend,@types/react-dom,18.3.5,18.3.7,19.2.7
posx-frido-backend,awilix,8.0.1,8.0.1,13.0.5
posx-frido-backend,axios,1.18.1,1.20.0,1.20.0
posx-frido-backend,cors,2.8.5,2.8.6,2.8.6
posx-frido-backend,csv-parse,5.6.0,5.6.0,7.0.2
posx-frido-backend,ejs,3.1.10,3.1.10,6.0.1
posx-frido-backend,eslint,9.30.1,9.39.5,10.9.1
posx-frido-backend,jest,29.7.0,29.7.0,30.5.1
posx-frido-backend,lint-staged,16.1.2,16.4.0,17.4.1
posx-frido-backend,nodemailer,6.10.0,6.10.1,9.1.1
posx-frido-backend,pg,8.13.1,8.23.0,8.23.0
posx-frido-backend,prettier,3.6.2,3.9.6,3.9.6
posx-frido-backend,prettier-plugin-tailwindcss,0.6.11,0.6.14,0.8.1
posx-frido-backend,puppeteer,24.4.0,24.43.1,25.10.0
posx-frido-backend,razorpay,2.9.6,2.9.8,2.9.8
posx-frido-backend,react,18.3.1,18.3.1,19.2.8
posx-frido-backend,react-dom,18.3.1,18.3.1,19.2.8
posx-frido-backend,typescript,5.7.3,5.9.3,7.0.2
posx-frido-backend,typescript-eslint,8.36.0,8.69.0,8.69.0
posx-frido-backend,vite,5.4.14,5.4.21,8.2.2
posx-frido-mobility-admin,@ariakit/react,0.4.15,0.4.39,0.4.39
posx-frido-mobility-admin,@dnd-kit/sortable,8.0.0,8.0.0,10.0.0
posx-frido-mobility-admin,@hookform/resolvers,3.4.2,3.4.2,5.9.1
posx-frido-mobility-admin,@medusajs/admin-shared,2.6.0,2.20.1,2.20.1
posx-frido-mobility-admin,@medusajs/admin-vite-plugin,2.6.0,2.20.1,2.20.1
posx-frido-mobility-admin,@medusajs/icons,2.6.0,2.20.1,2.20.1
posx-frido-mobility-admin,@medusajs/js-sdk,2.6.0,2.20.1,2.20.1
posx-frido-mobility-admin,@medusajs/types,2.6.0,2.20.1,2.20.1
posx-frido-mobility-admin,@medusajs/ui,4.0.6,4.0.34,4.2.3
posx-frido-mobility-admin,@medusajs/ui-preset,2.6.0,2.20.1,2.20.1
posx-frido-mobility-admin,@tanstack/react-query,5.64.2,5.64.2,5.102.8
posx-frido-mobility-admin,@tanstack/react-table,8.20.5,8.20.5,9.2.4
posx-frido-mobility-admin,@tanstack/react-virtual,3.13.2,3.14.10,3.14.10
posx-frido-mobility-admin,@types/node,20.17.24,20.19.43,26.4.1
posx-frido-mobility-admin,@types/react,18.3.18,18.3.31,19.2.18
posx-frido-mobility-admin,@types/react-dom,18.3.5,18.3.7,19.2.7
posx-frido-mobility-admin,@uiw/react-json-view,2.0.0-alpha.30,2.0.0-alpha.43,2.0.0-alpha.43
posx-frido-mobility-admin,@vitejs/plugin-react,4.2.1,4.2.1,6.1.1
posx-frido-mobility-admin,ajv,8.17.1,8.20.0,8.20.0
posx-frido-mobility-admin,autoprefixer,10.4.21,10.5.4,10.5.4
posx-frido-mobility-admin,cmdk,0.2.1,0.2.1,1.1.1
posx-frido-mobility-admin,date-fns,3.6.0,3.6.0,4.4.0
posx-frido-mobility-admin,i18next,23.7.11,23.7.11,26.4.2
posx-frido-mobility-admin,i18next-browser-languagedetector,7.2.0,7.2.0,8.2.1
posx-frido-mobility-admin,i18next-http-backend,2.4.2,2.4.2,4.0.2
posx-frido-mobility-admin,lodash,4.17.21,4.18.1,4.18.1
posx-frido-mobility-admin,match-sorter,6.3.4,6.3.4,8.3.0
posx-frido-mobility-admin,motion,11.18.2,11.18.2,13.2.0
posx-frido-mobility-admin,postcss,8.5.3,8.5.28,8.5.28
posx-frido-mobility-admin,prettier,3.5.3,3.9.6,3.9.6
posx-frido-mobility-admin,qs,6.14.0,6.16.0,6.16.0
posx-frido-mobility-admin,radix-ui,1.1.2,1.1.2,1.6.7
posx-frido-mobility-admin,react,18.3.1,18.3.1,19.2.8
posx-frido-mobility-admin,react-currency-input-field,3.10.0,3.10.0,4.0.6
posx-frido-mobility-admin,react-dom,18.3.1,18.3.1,19.2.8
posx-frido-mobility-admin,react-helmet-async,2.0.5,2.0.5,3.0.0
posx-frido-mobility-admin,react-hook-form,7.49.1,7.49.1,7.87.0
posx-frido-mobility-admin,react-i18next,13.5.0,13.5.0,17.0.13
posx-frido-mobility-admin,react-jwt,1.2.2,1.3.0,2.1.1
posx-frido-mobility-admin,react-router-dom,6.20.1,6.20.1,7.18.3
posx-frido-mobility-admin,tailwindcss,3.4.17,3.4.19,4.3.3
posx-frido-mobility-admin,tsup,8.4.0,8.5.1,8.5.1
posx-frido-mobility-admin,typescript,5.2.2,5.2.2,7.0.2
posx-frido-mobility-admin,vite,5.4.14,5.4.21,8.2.2
posx-frido-mobility-admin,vite-plugin-inspect,0.8.9,0.8.9,12.0.2
posx-frido-mobility-admin,vitest,3.0.8,3.2.7,5.0.0
posx-frido-mobility-admin,zod,3.22.4,3.22.4,4.5.4
posx-frido-mobility-backend,@aws-sdk/client-s3,3.774.0,3.1126.0,3.1126.0
posx-frido-mobility-backend,@aws-sdk/client-ses,3.758.0,3.1126.0,3.1126.0
posx-frido-mobility-backend,@devxcommerce/shopify,0.0.115,0.0.115,0.0.117
posx-frido-mobility-backend,@eslint/js,9.30.1,9.39.5,10.0.1
posx-frido-mobility-backend,@medusajs/admin-sdk,2.6.1,2.20.1,2.20.1
posx-frido-mobility-backend,@medusajs/cli,2.6.1,2.20.1,2.20.1
posx-frido-mobility-backend,@medusajs/framework,2.6.1,2.20.1,2.20.1
posx-frido-mobility-backend,@medusajs/medusa,2.6.1,2.20.1,2.20.1
posx-frido-mobility-backend,@medusajs/test-utils,2.6.0,2.6.0,2.20.1
posx-frido-mobility-backend,@mikro-orm/cli,6.4.3,6.4.3,7.1.15
posx-frido-mobility-backend,@mikro-orm/core,6.4.3,6.4.3,7.1.15
posx-frido-mobility-backend,@mikro-orm/knex,6.4.3,6.4.3,6.6.14
posx-frido-mobility-backend,@mikro-orm/migrations,6.4.3,6.4.3,7.1.15
posx-frido-mobility-backend,@mikro-orm/postgresql,6.4.3,6.4.3,7.1.15
posx-frido-mobility-backend,@swc/core,1.5.7,1.5.7,1.16.1
posx-frido-mobility-backend,@swc/jest,0.2.37,0.2.39,0.2.39
posx-frido-mobility-backend,@types/jest,29.5.14,29.5.14,30.0.0
posx-frido-mobility-backend,@types/node,20.17.16,20.19.43,26.4.1
posx-frido-mobility-backend,@types/react,18.3.18,18.3.31,19.2.18
posx-frido-mobility-backend,@types/react-dom,18.3.5,18.3.7,19.2.7
posx-frido-mobility-backend,awilix,8.0.1,8.0.1,13.0.5
posx-frido-mobility-backend,axios,1.8.4,1.20.0,1.20.0
posx-frido-mobility-backend,cors,2.8.5,2.8.6,2.8.6
posx-frido-mobility-backend,csv-parse,5.6.0,5.6.0,7.0.2
posx-frido-mobility-backend,ejs,3.1.10,3.1.10,6.0.1
posx-frido-mobility-backend,eslint,9.30.1,9.39.5,10.9.1
posx-frido-mobility-backend,jest,29.7.0,29.7.0,30.5.1
posx-frido-mobility-backend,lint-staged,16.1.2,16.4.0,17.4.1
posx-frido-mobility-backend,nodemailer,6.10.0,6.10.1,9.1.1
posx-frido-mobility-backend,pg,8.13.1,8.23.0,8.23.0
posx-frido-mobility-backend,prettier,3.6.2,3.9.6,3.9.6
posx-frido-mobility-backend,prettier-plugin-tailwindcss,0.6.11,0.6.14,0.8.1
posx-frido-mobility-backend,puppeteer,24.4.0,24.43.1,25.10.0
posx-frido-mobility-backend,razorpay,2.9.6,2.9.8,2.9.8
posx-frido-mobility-backend,react,18.3.1,18.3.1,19.2.8
posx-frido-mobility-backend,react-dom,18.3.1,18.3.1,19.2.8
posx-frido-mobility-backend,typescript,5.7.3,5.9.3,7.0.2
posx-frido-mobility-backend,typescript-eslint,8.36.0,8.69.0,8.69.0
posx-frido-mobility-backend,vite,5.4.14,5.4.21,8.2.2
posx-frido-mobility-store,error,?,?,?
posx-frido-store,error,?,?,?
posx-kb,@google/genai,2.10.0,2.21.0,2.21.0
posx-kb,@tailwindcss/postcss,4.3.2,4.3.3,4.3.3
posx-kb,@types/node,20.19.43,20.19.43,26.4.1
posx-kb,@types/pg,8.20.0,8.23.1,8.23.1
posx-kb,@types/react,19.2.17,19.2.18,19.2.18
posx-kb,@types/react-dom,19.2.3,19.2.7,19.2.7
posx-kb,@xyflow/react,12.11.1,12.11.6,12.11.6
posx-kb,eslint,9.39.4,9.39.5,10.9.1
posx-kb,eslint-config-next,16.2.10,16.2.10,16.3.4
posx-kb,mermaid,11.16.0,11.17.2,11.17.2
posx-kb,next,16.2.10,16.2.10,16.3.4
posx-kb,next-auth,5.0.0-beta.31,5.0.0-beta.32,4.24.15
posx-kb,pg,8.22.0,8.23.0,8.23.0
posx-kb,react,19.2.4,19.2.4,19.2.8
posx-kb,react-dom,19.2.4,19.2.4,19.2.8
posx-kb,sharp,0.35.3,0.35.4,0.35.4
posx-kb,tailwindcss,4.3.2,4.3.3,4.3.3
posx-kb,typescript,5.9.3,5.9.3,7.0.2
posx-mokobara-admin,@ariakit/react,0.4.15,0.4.39,0.4.39
posx-mokobara-admin,@dnd-kit/sortable,8.0.0,8.0.0,10.0.0
posx-mokobara-admin,@hookform/resolvers,3.4.2,3.4.2,5.9.1
posx-mokobara-admin,@medusajs/admin-shared,2.6.0,2.20.1,2.20.1
posx-mokobara-admin,@medusajs/admin-vite-plugin,2.6.0,2.20.1,2.20.1
posx-mokobara-admin,@medusajs/icons,2.6.0,2.20.1,2.20.1
posx-mokobara-admin,@medusajs/js-sdk,2.6.0,2.20.1,2.20.1
posx-mokobara-admin,@medusajs/types,2.6.0,2.20.1,2.20.1
posx-mokobara-admin,@medusajs/ui,4.0.6,4.0.34,4.2.3
posx-mokobara-admin,@medusajs/ui-preset,2.6.0,2.20.1,2.20.1
posx-mokobara-admin,@playwright/test,1.60.0,1.62.1,1.62.1
posx-mokobara-admin,@tanstack/react-query,5.64.2,5.64.2,5.102.8
posx-mokobara-admin,@tanstack/react-table,8.20.5,8.20.5,9.2.4
posx-mokobara-admin,@tanstack/react-virtual,3.13.2,3.14.10,3.14.10
posx-mokobara-admin,@types/node,20.17.24,20.19.43,26.4.1
posx-mokobara-admin,@types/react,18.3.18,18.3.31,19.2.18
posx-mokobara-admin,@types/react-dom,18.3.5,18.3.7,19.2.7
posx-mokobara-admin,@uiw/react-json-view,2.0.0-alpha.30,2.0.0-alpha.43,2.0.0-alpha.43
posx-mokobara-admin,@vitejs/plugin-react,4.2.1,4.2.1,6.1.1
posx-mokobara-admin,ajv,8.17.1,8.20.0,8.20.0
posx-mokobara-admin,autoprefixer,10.4.21,10.5.4,10.5.4
posx-mokobara-admin,axios,1.12.2,1.20.0,1.20.0
posx-mokobara-admin,cmdk,0.2.1,0.2.1,1.1.1
posx-mokobara-admin,date-fns,3.6.0,3.6.0,4.4.0
posx-mokobara-admin,i18next,23.7.11,23.7.11,26.4.2
posx-mokobara-admin,i18next-browser-languagedetector,7.2.0,7.2.0,8.2.1
posx-mokobara-admin,i18next-http-backend,2.4.2,2.4.2,4.0.2
posx-mokobara-admin,lodash,4.17.21,4.18.1,4.18.1
posx-mokobara-admin,match-sorter,6.3.4,6.3.4,8.3.0
posx-mokobara-admin,motion,11.18.2,11.18.2,13.2.0
posx-mokobara-admin,postcss,8.5.3,8.5.28,8.5.28
posx-mokobara-admin,prettier,3.5.3,3.9.6,3.9.6
posx-mokobara-admin,qs,6.14.0,6.16.0,6.16.0
posx-mokobara-admin,radix-ui,1.1.2,1.1.2,1.6.7
posx-mokobara-admin,react,18.3.1,18.3.1,19.2.8
posx-mokobara-admin,react-currency-input-field,3.10.0,3.10.0,4.0.6
posx-mokobara-admin,react-dom,18.3.1,18.3.1,19.2.8
posx-mokobara-admin,react-helmet-async,2.0.5,2.0.5,3.0.0
posx-mokobara-admin,react-hook-form,7.49.1,7.49.1,7.87.0
posx-mokobara-admin,react-i18next,13.5.0,13.5.0,17.0.13
posx-mokobara-admin,react-jwt,1.2.2,1.3.0,2.1.1
posx-mokobara-admin,react-router-dom,6.20.1,6.20.1,7.18.3
posx-mokobara-admin,tailwindcss,3.4.17,3.4.19,4.3.3
posx-mokobara-admin,tsup,8.4.0,8.5.1,8.5.1
posx-mokobara-admin,typescript,5.2.2,5.2.2,7.0.2
posx-mokobara-admin,vite,5.4.14,5.4.21,8.2.2
posx-mokobara-admin,vite-plugin-inspect,0.8.9,0.8.9,12.0.2
posx-mokobara-admin,vitest,3.0.8,3.2.7,5.0.0
posx-mokobara-admin,zod,3.22.4,3.22.4,4.5.4
posx-mokobara-backend,@aws-sdk/client-s3,3.922.0,3.1126.0,3.1126.0
posx-mokobara-backend,@aws-sdk/s3-request-presigner,3.922.0,3.1126.0,3.1126.0
posx-mokobara-backend,@devxcommerce/shopify,0.0.116,0.0.116,0.0.117
posx-mokobara-backend,@medusajs/admin-sdk,2.11.2,2.11.2,2.20.1
posx-mokobara-backend,@medusajs/cli,2.11.2,2.11.2,2.20.1
posx-mokobara-backend,@medusajs/framework,2.11.2,2.11.2,2.20.1
posx-mokobara-backend,@medusajs/medusa,2.11.2,2.11.2,2.20.1
posx-mokobara-backend,@medusajs/test-utils,2.11.2,2.11.2,2.20.1
posx-mokobara-backend,@playwright/test,1.60.0,1.62.1,1.62.1
posx-mokobara-backend,@slack/webhook,7.0.6,7.2.0,8.0.2
posx-mokobara-backend,@swc/core,1.5.7,1.5.7,1.16.1
posx-mokobara-backend,@swc/jest,0.2.37,0.2.39,0.2.39
posx-mokobara-backend,@types/jest,29.5.14,29.5.14,30.0.0
posx-mokobara-backend,@types/node,20.17.16,20.19.43,26.4.1
posx-mokobara-backend,@types/react,18.3.18,18.3.31,19.2.18
posx-mokobara-backend,@types/react-dom,18.3.5,18.3.7,19.2.7
posx-mokobara-backend,axios,1.19.0,1.20.0,1.20.0
posx-mokobara-backend,csv-parse,6.1.0,6.2.1,7.0.2
posx-mokobara-backend,ejs,3.1.10,3.1.10,6.0.1
posx-mokobara-backend,eslint,9.39.5,9.39.5,10.9.1
posx-mokobara-backend,jest,29.7.0,29.7.0,30.5.1
posx-mokobara-backend,moment-timezone,0.6.1,0.6.3,0.6.3
posx-mokobara-backend,nodemailer,9.0.5,9.1.1,9.1.1
posx-mokobara-backend,puppeteer,24.43.1,24.43.1,25.10.0
posx-mokobara-backend,razorpay,2.9.6,2.9.8,2.9.8
posx-mokobara-backend,react,18.3.1,18.3.1,19.2.8
posx-mokobara-backend,react-dom,18.3.1,18.3.1,19.2.8
posx-mokobara-backend,tsc-alias,1.8.16,1.9.4,1.9.4
posx-mokobara-backend,typescript,5.7.3,5.9.3,7.0.2
posx-mokobara-backend,typescript-eslint,8.67.0,8.69.0,8.69.0
posx-mokobara-backend,vite,6.4.3,6.4.3,8.2.2
posx-mokobara-backend,zod,3.25.76,3.25.76,4.5.4
posx-mokobara-clearance-backend,@aws-sdk/client-s3,3.922.0,3.1126.0,3.1126.0
posx-mokobara-clearance-backend,@aws-sdk/s3-request-presigner,3.922.0,3.1126.0,3.1126.0
posx-mokobara-clearance-backend,@devxcommerce/shopify,0.0.116,0.0.116,0.0.117
posx-mokobara-clearance-backend,@medusajs/admin-sdk,2.11.2,2.11.2,2.20.1
posx-mokobara-clearance-backend,@medusajs/cli,2.11.2,2.11.2,2.20.1
posx-mokobara-clearance-backend,@medusajs/framework,2.11.2,2.11.2,2.20.1
posx-mokobara-clearance-backend,@medusajs/medusa,2.11.2,2.11.2,2.20.1
posx-mokobara-clearance-backend,@medusajs/test-utils,2.11.2,2.11.2,2.20.1
posx-mokobara-clearance-backend,@slack/webhook,7.0.6,7.2.0,8.0.2
posx-mokobara-clearance-backend,@swc/core,1.5.7,1.5.7,1.16.1
posx-mokobara-clearance-backend,@swc/jest,0.2.37,0.2.39,0.2.39
posx-mokobara-clearance-backend,@types/jest,29.5.14,29.5.14,30.0.0
posx-mokobara-clearance-backend,@types/node,20.17.16,20.19.43,26.4.1
posx-mokobara-clearance-backend,@types/react,18.3.18,18.3.31,19.2.18
posx-mokobara-clearance-backend,@types/react-dom,18.3.5,18.3.7,19.2.7
posx-mokobara-clearance-backend,axios,1.19.0,1.20.0,1.20.0
posx-mokobara-clearance-backend,csv-parse,6.1.0,6.2.1,7.0.2
posx-mokobara-clearance-backend,ejs,3.1.10,3.1.10,6.0.1
posx-mokobara-clearance-backend,jest,29.7.0,29.7.0,30.5.1
posx-mokobara-clearance-backend,moment-timezone,0.6.1,0.6.3,0.6.3
posx-mokobara-clearance-backend,nodemailer,9.0.5,9.1.1,9.1.1
posx-mokobara-clearance-backend,puppeteer,24.28.0,24.43.1,25.10.0
posx-mokobara-clearance-backend,razorpay,2.9.6,2.9.8,2.9.8
posx-mokobara-clearance-backend,react,18.3.1,18.3.1,19.2.8
posx-mokobara-clearance-backend,react-dom,18.3.1,18.3.1,19.2.8
posx-mokobara-clearance-backend,tsc-alias,1.8.16,1.9.4,1.9.4
posx-mokobara-clearance-backend,typescript,5.7.3,5.9.3,7.0.2
posx-mokobara-clearance-backend,vite,6.4.3,6.4.3,8.2.2
posx-mokobara-clearance-backend,zod,3.25.76,3.25.76,4.5.4
posx-mokobara-store,@devxcommerce/shopify,0.0.105,0.0.105,0.0.117
posx-mokobara-store,@eslint/js,9.39.5,9.39.5,10.0.1
posx-mokobara-store,@hookform/resolvers,4.1.3,4.1.3,5.9.1
posx-mokobara-store,@types/node,22.20.1,22.20.1,26.4.1
posx-mokobara-store,@vitejs/plugin-react,4.7.0,4.7.0,6.1.1
posx-mokobara-store,eslint,9.39.5,9.39.5,10.9.1
posx-mokobara-store,eslint-plugin-react-hooks,5.2.0,5.2.0,7.1.1
posx-mokobara-store,eslint-plugin-react-refresh,0.4.26,0.4.26,0.5.6
posx-mokobara-store,globals,15.15.0,15.15.0,17.12.0
posx-mokobara-store,lucide-react,0.479.0,0.479.0,1.40.0
posx-mokobara-store,nanoid,5.1.16,5.1.16,6.0.1
posx-mokobara-store,prettier-plugin-tailwindcss,0.6.14,0.6.14,0.8.1
posx-mokobara-store,react-day-picker,8.10.1,8.10.1,10.0.1
posx-mokobara-store,react-dropzone,14.4.1,14.4.1,20.1.1
posx-mokobara-store,react-router,7.18.3,7.18.3,8.3.1
posx-mokobara-store,typescript,5.7.3,5.7.3,7.0.2
posx-mokobara-store,vite,6.4.3,6.4.3,8.2.2
posx-mokobara-store,zod,3.25.76,3.25.76,4.5.4
posx-ugaoo-admin,@ariakit/react,0.4.15,0.4.39,0.4.39
posx-ugaoo-admin,@dnd-kit/sortable,8.0.0,8.0.0,10.0.0
posx-ugaoo-admin,@hookform/resolvers,3.4.2,3.4.2,5.9.1
posx-ugaoo-admin,@medusajs/admin-shared,2.6.0,2.20.1,2.20.1
posx-ugaoo-admin,@medusajs/admin-vite-plugin,2.6.0,2.20.1,2.20.1
posx-ugaoo-admin,@medusajs/icons,2.6.0,2.20.1,2.20.1
posx-ugaoo-admin,@medusajs/js-sdk,2.6.0,2.20.1,2.20.1
posx-ugaoo-admin,@medusajs/types,2.6.0,2.20.1,2.20.1
posx-ugaoo-admin,@medusajs/ui,4.0.6,4.0.34,4.2.3
posx-ugaoo-admin,@medusajs/ui-preset,2.6.0,2.20.1,2.20.1
posx-ugaoo-admin,@tanstack/react-query,5.64.2,5.64.2,5.102.8
posx-ugaoo-admin,@tanstack/react-table,8.20.5,8.20.5,9.2.4
posx-ugaoo-admin,@tanstack/react-virtual,3.13.2,3.14.10,3.14.10
posx-ugaoo-admin,@testing-library/jest-dom,6.9.1,6.9.1,7.0.1
posx-ugaoo-admin,@testing-library/react,16.3.2,16.3.3,16.3.3
posx-ugaoo-admin,@testing-library/user-event,14.6.1,14.6.7,14.6.7
posx-ugaoo-admin,@types/node,20.17.24,20.19.43,26.4.1
posx-ugaoo-admin,@types/react,18.3.18,18.3.31,19.2.18
posx-ugaoo-admin,@types/react-dom,18.3.5,18.3.7,19.2.7
posx-ugaoo-admin,@uiw/react-json-view,2.0.0-alpha.30,2.0.0-alpha.43,2.0.0-alpha.43
posx-ugaoo-admin,@vitejs/plugin-react,4.2.1,4.2.1,6.1.1
posx-ugaoo-admin,ajv,8.17.1,8.20.0,8.20.0
posx-ugaoo-admin,autoprefixer,10.4.21,10.5.4,10.5.4
posx-ugaoo-admin,axios,1.12.2,1.20.0,1.20.0
posx-ugaoo-admin,cmdk,0.2.1,0.2.1,1.1.1
posx-ugaoo-admin,date-fns,3.6.0,3.6.0,4.4.0
posx-ugaoo-admin,i18next,23.7.11,23.7.11,26.4.2
posx-ugaoo-admin,i18next-browser-languagedetector,7.2.0,7.2.0,8.2.1
posx-ugaoo-admin,i18next-http-backend,2.4.2,2.4.2,4.0.2
posx-ugaoo-admin,jsdom,29.1.1,29.1.1,30.0.1
posx-ugaoo-admin,lodash,4.17.21,4.18.1,4.18.1
posx-ugaoo-admin,match-sorter,6.3.4,6.3.4,8.3.0
posx-ugaoo-admin,motion,11.18.2,11.18.2,13.2.0
posx-ugaoo-admin,postcss,8.5.3,8.5.28,8.5.28
posx-ugaoo-admin,prettier,3.5.3,3.9.6,3.9.6
posx-ugaoo-admin,qs,6.14.0,6.16.0,6.16.0
posx-ugaoo-admin,radix-ui,1.1.2,1.1.2,1.6.7
posx-ugaoo-admin,react,18.3.1,18.3.1,19.2.8
posx-ugaoo-admin,react-currency-input-field,3.10.0,3.10.0,4.0.6
posx-ugaoo-admin,react-dom,18.3.1,18.3.1,19.2.8
posx-ugaoo-admin,react-helmet-async,2.0.5,2.0.5,3.0.0
posx-ugaoo-admin,react-hook-form,7.49.1,7.49.1,7.87.0
posx-ugaoo-admin,react-i18next,13.5.0,13.5.0,17.0.13
posx-ugaoo-admin,react-jwt,1.2.2,1.3.0,2.1.1
posx-ugaoo-admin,react-router-dom,6.20.1,6.20.1,7.18.3
posx-ugaoo-admin,tailwindcss,3.4.17,3.4.19,4.3.3
posx-ugaoo-admin,tsup,8.4.0,8.5.1,8.5.1
posx-ugaoo-admin,typescript,5.2.2,5.2.2,7.0.2
posx-ugaoo-admin,vite,5.4.14,5.4.21,8.2.2
posx-ugaoo-admin,vite-plugin-inspect,0.8.9,0.8.9,12.0.2
posx-ugaoo-admin,vitest,3.0.8,3.2.7,5.0.0
posx-ugaoo-admin,zod,3.22.4,3.22.4,4.5.4
posx-ugaoo-backend,@aws-sdk/client-s3,3.1054.0,3.1126.0,3.1126.0
posx-ugaoo-backend,@aws-sdk/client-ses,3.758.0,3.1126.0,3.1126.0
posx-ugaoo-backend,@aws-sdk/lib-storage,3.1054.0,3.1126.0,3.1126.0
posx-ugaoo-backend,@devxcommerce/shopify,0.0.115,0.0.115,0.0.117
posx-ugaoo-backend,@medusajs/admin-sdk,2.13.1,2.13.1,2.20.1
posx-ugaoo-backend,@medusajs/cli,2.13.1,2.13.1,2.20.1
posx-ugaoo-backend,@medusajs/framework,2.13.1,2.13.1,2.20.1
posx-ugaoo-backend,@medusajs/medusa,2.13.1,2.13.1,2.20.1
posx-ugaoo-backend,@medusajs/test-utils,2.13.1,2.13.1,2.20.1
posx-ugaoo-backend,@slack/webhook,7.0.9,7.2.0,8.0.2
posx-ugaoo-backend,@swc/core,1.15.17,1.16.1,1.16.1
posx-ugaoo-backend,@swc/jest,0.2.37,0.2.39,0.2.39
posx-ugaoo-backend,@types/jest,29.5.14,29.5.14,30.0.0
posx-ugaoo-backend,@types/node,20.17.16,20.19.43,26.4.1
posx-ugaoo-backend,@types/react,18.3.18,18.3.31,19.2.18
posx-ugaoo-backend,@types/react-dom,18.3.5,18.3.7,19.2.7
posx-ugaoo-backend,awilix,8.0.1,8.0.1,13.0.5
posx-ugaoo-backend,axios,1.18.0,1.20.0,1.20.0
posx-ugaoo-backend,cors,2.8.5,2.8.6,2.8.6
posx-ugaoo-backend,csv-parse,5.6.0,5.6.0,7.0.2
posx-ugaoo-backend,ejs,3.1.10,3.1.10,6.0.1
posx-ugaoo-backend,jest,29.7.0,29.7.0,30.5.1
posx-ugaoo-backend,nodemailer,6.10.0,6.10.1,9.1.1
posx-ugaoo-backend,pg,8.16.0,8.23.0,8.23.0
posx-ugaoo-backend,prettier,3.5.3,3.9.6,3.9.6
posx-ugaoo-backend,prettier-plugin-tailwindcss,0.6.11,0.6.14,0.8.1
posx-ugaoo-backend,puppeteer,24.4.0,24.43.1,25.10.0
posx-ugaoo-backend,razorpay,2.9.6,2.9.8,2.9.8
posx-ugaoo-backend,react,18.3.1,18.3.1,19.2.8
posx-ugaoo-backend,react-dom,18.3.1,18.3.1,19.2.8
posx-ugaoo-backend,typescript,5.7.3,5.9.3,7.0.2
posx-ugaoo-backend,vite,5.4.21,5.4.21,8.2.2
posx-ugaoo-store,@devxcommerce/shopify,0.0.105,0.0.105,0.0.117
posx-ugaoo-store,@eslint/js,9.39.5,9.39.5,10.0.1
posx-ugaoo-store,@hookform/resolvers,4.1.3,4.1.3,5.9.1
posx-ugaoo-store,@types/node,22.20.1,22.20.1,26.4.1
posx-ugaoo-store,@vitejs/plugin-react,4.7.0,4.7.0,6.1.1
posx-ugaoo-store,cmdk,1.0.0,1.0.0,1.1.1
posx-ugaoo-store,eslint,9.39.5,9.39.5,10.9.1
posx-ugaoo-store,eslint-plugin-react-hooks,5.2.0,5.2.0,7.1.1
posx-ugaoo-store,eslint-plugin-react-refresh,0.4.26,0.4.26,0.5.6
posx-ugaoo-store,globals,15.15.0,15.15.0,17.12.0
posx-ugaoo-store,lucide-react,0.479.0,0.479.0,1.40.0
posx-ugaoo-store,nanoid,5.1.16,5.1.16,6.0.1
posx-ugaoo-store,prettier-plugin-tailwindcss,0.6.14,0.6.14,0.8.1
posx-ugaoo-store,react-day-picker,8.10.1,8.10.1,10.0.1
posx-ugaoo-store,react-dropzone,14.4.1,14.4.1,20.1.1
posx-ugaoo-store,react-router,7.18.3,7.18.3,8.3.1
posx-ugaoo-store,typescript,5.7.3,5.7.3,7.0.2
posx-ugaoo-store,vite,6.4.3,6.4.3,8.2.2
posx-ugaoo-store,zod,3.25.76,3.25.76,4.5.4
