repo,primary_dir,superclass,dominant_leaf,commit_count,distinct_authors,first_seen,last_seen,sample_subjects
posx-mokobara-store,src/components,correction,bug_fix,136,11,2025-11-13,2026-09-03,"fix(inwards): close the Pending block, and stop action links latching active | fix(inwards): label USN receipts as USN, not an empty EAN | fix(inwards): make the PIN dialog footer an actual flex row"
posx-mokobara-backend,src/workflows,correction,bug_fix,135,8,2025-11-20,2026-09-02,"fix(inwards): crypto PINs, per-SKU stock deltas, shared reversal | fix(inwards): address review — PIN authority, USN uniqueness, atomicity | fix(inwards): count USN receipts towards the order"
posx-comet-store,src/components,correction,bug_fix,121,12,2025-03-16,2026-08-31,fixes | comet-hq-fixes | fix: apply CodeRabbit auto-fixes
posx-comet-backend,src/workflows,correction,bug_fix,108,12,2025-03-18,2026-08-26,fix: apply CodeRabbit auto-fixes | comet-hq-fixes | comet-hq-fixes
posx-comet-backend,src/workflows,other,other,85,7,2025-03-13,2026-07-02,WIP (bugs) | invoice code has change here | invoice code has change here
posx-frido-backend,src/workflows,correction,bug_fix,81,6,2025-07-23,2026-09-03,"fix: expand fallback order export to one row per SKU with amount punched (#368) | fix: expand fallback order export to one row per SKU with amount punched | fix: remove any types, add CSV injection protection, paginate export"
posx-mokobara-store,src/components,other,other,80,8,2025-10-28,2026-08-24,"Return approver: list all store employees, reset on order change | minor-changes | header: drive nav width from cart panel state, not URL"
posx-eume-backend,src/workflows,correction,bug_fix,72,8,2025-08-29,2026-08-26,"fix(return-approval): correct the exchange OTP test, bound config, guard storage | fix(return-approval): drop the last store-row cast in the exchange discount gate | fix(return-approval): log the silent attribution failure, expire at the boundary"
posx-frido-backend,src/api,correction,bug_fix,70,4,2025-07-28,2026-08-26,"fix: cap concurrent Shopify product-update webhook workflows | fix: replace raw console.log(error) with safe message-only logging (#357) | fix: address CodeRabbit review — type-safe error normalization, no as-any"
posx-frido-store,src/components,other,other,70,6,2025-07-11,2026-04-20,merging csat | removed returns and exchange for temp | WIP: reverse OMS
posx-mokobara-backend,src/api,correction,bug_fix,68,9,2025-11-19,2026-09-02,fix(inwards): forward the USN fields in the sale-order response | fix(inwards): never zero a real ordered quantity; retire dead over-qty reporting | fix(inwards): never zero a real ordered quantity; retire dead over-qty reporting
posx-mokobara-store,src/pages,correction,bug_fix,67,7,2025-11-28,2026-09-03,"fix(inwards): the order summary belongs in the scrolling body | fix(inwards): fixed header with its own scrolling body, instead of sticky | fix(inwards): let the page actually scroll so the sticky header can anchor"
posx-comet-store,src/components,other,other,66,7,2025-03-17,2026-08-25,disable-veirfy-on-non-payemnts-screens | disable-veirfy-on-non-payemnts-screens | force-cancle-payemnts
posx-frido-backend,src/workflows,other,other,66,5,2025-07-18,2026-06-22,Enhance Shopify media handling with authoritative image management and source st | Feedback Export Functionality [On Email] - Email template Improvement | Feedback Export Functionality [On Email] - Email template Improvement
posx-mokobara-admin,src/routes,correction,bug_fix,65,9,2025-11-21,2026-09-02,fix(gift-vouchers): type the activation error and clarify the date rule | fix(gift-vouchers): type the activation error and clarify the date rule | fix(gift-vouchers): allow selecting spent vouchers for recall
posx-comet-backend,src/api,correction,bug_fix,63,13,2025-03-19,2026-08-28,comet-hq-fixes | fix(mokobara): enforce actor capability and scope | fix(comet): enforce operation capabilities at routes
posx-comet-backend,src/modules,correction,bug_fix,60,8,2025-03-20,2026-08-25,fix(comet): fence local completion recovery | fix(gift-card): fail closed without atomic settlement | fix(comet): isolate provider clients by account
posx-comet-backend,src/api,other,other,59,7,2025-03-19,2026-08-31,manual-payment-entry-status | manual-payment-entry | force-cancle-payments
posx-mokobara-backend,src/modules,correction,bug_fix,59,8,2025-11-21,2026-09-02,fix(gift-voucher): let a spent voucher carry a recall | fix(gift-voucher): let a spent voucher carry a recall | fix(gift-voucher): white wordmark + yellow code/terms panels on card
posx-comet-store,src/pages,correction,bug_fix,56,10,2025-04-02,2026-08-31,fix: pass Qwikcilver props to PaymentDetails in exchange payment page | fix: navigate home after successful HIGH_VALUE exchange forward payment | fix: disable orders table date filter reusing report's date-range state
posx-mokobara-backend,src/workflows,other,other,55,7,2025-11-12,2026-05-13,update comments |    feat: move inventory decrement to post-confirm subscriber | credit note and order return and exchange approval
posx-mokobara-backend,src/workflows,code_health,refactor,47,3,2025-11-05,2026-08-13,refactor: convert type-only imports to `import type` repo-wide | refactor(types): move Cart types out of build-summary into src/types | refactor(order): remove no-op X-Shopify-Client-Idempotency-Key header on orderCr
posx-ugaoo-store,src/components,correction,bug_fix,46,3,2026-03-13,2026-07-20,fix: enhance monetary value handling and display across components | fix: round monetary values to avoid discrepancies in payment processing | fix: add skeleton loading component for returnable order cards
posx-eume-backend,src/modules,correction,bug_fix,45,9,2025-10-06,2026-08-21,fix(return-approval): scrub addresses from provider errors before storing them | fix(order-detail): rename Migration20260716000001 so it actually runs | fix(employee): terminate the MANAGER string literal in the create-table migratio
posx-frido-backend,src/modules,correction,bug_fix,45,5,2025-08-11,2026-08-19,fix: 11-Aug prod incident remediation (event-loop stall) — phased (#352) | fix: 11-Aug prod incident remediation (event-loop stall) — phased [PROD] (#353) | fix(unicommerce): stop synchronous verbose logging that stalls the event loop
posx-ugaoo-backend,src/api,correction,bug_fix,45,6,2026-03-21,2026-09-02,"fix: tighten scope check, remove dead code, add seed warning | fix: address CodeRabbit review — seed revoke, scope checks, client filter passth | fix: add cash_reconciliation perms + wire checkEmployeePutAccess"
posx-ugaoo-backend,src/workflows,correction,bug_fix,45,5,2026-03-19,2026-08-26,"fix: set transaction_completed_date in Razorpay callback and export fallback | fix: preserve HSN code leading zeros in order export (stream step) | Revert ""fix: move HSN validation into step functions to fix add-to-cart-workflow"
posx-frido-admin,src/routes,correction,bug_fix,42,5,2025-08-11,2026-09-03,fix: correct import path for useFallbackOrdersTableQuery in export button (#144) | fix: correct import path for useFallbackOrdersTableQuery in export button | fix: decode custom filter conditions into export params
posx-comet-backend,src/modules,other,other,40,5,2025-03-20,2026-08-26,WIP: coupon module | WIP: coupon module | change: invoice for sale
posx-eume-store,src/components,correction,bug_fix,39,12,2025-09-10,2026-09-03,fix(exchange-payment): refetch exchange status on mount to avoid stale due amoun | fix(exchange-payment): refetch exchange status on mount to avoid stale due amoun | fix(exchange-payment): refetch exchange status on mount to avoid stale due amoun
posx-frido-store,src/components,correction,bug_fix,39,7,2025-08-20,2026-08-07,fix: update Frido Connect form URL to new Zoho lead capture form (#173) | fix: update Frido Connect form URL to new Zoho lead capture form (#174) | 📝 Add docstrings to `fix/frido-connect-form-url-prod` (#175)
posx-eume-backend,src/workflows,other,other,38,6,2025-08-19,2026-08-12,Merge pull request #285 from devx-commerce/feat/store-coupon-auto-apply-no-appro | remove TODO  for PARTIALLY_PAID cancellation logic | enhance: exchange flow to give custom discounts
posx-mokobara-admin,src/routes,other,other,38,6,2025-11-10,2026-04-22,changes | coupon validation (#55) | coupon validation
posx-ugaoo-admin,src/routes,correction,bug_fix,38,5,2026-03-23,2026-09-02,fix: guard against empty hsn_code in cross-check status message | fix: guard against empty hsn_code in cross-check status message | fix: show HSN code in status message and remove default-18% text
posx-comet-backend,docs/prd-implementation,code_health,docs,34,1,2026-08-25,2026-08-25,docs(prd): record merged verification counts | docs(prd): record shared settlement adapter evidence | docs(prd): trace payment security test
posx-frido-backend,src/modules,other,other,34,4,2025-07-11,2026-02-13,chkpt: stn creation | update: combo type logic in backend | WIP: reverse oms (item code return done UC blocked)
posx-comet-admin,src/routes,other,other,32,4,2025-03-10,2026-08-31,manual-payment-entry-min-amt | Use a native-styled modal instead of a dropdown for coupon type selection | Replace hardcoded 2-type create modal with a native DropdownMenu covering all 7 
posx-comet-backend,src/workflows,code_health,refactor,32,9,2025-03-19,2026-08-20,"WIP: coupon stacking config, order persistence, and unit/integration tests | refactor: replace console.log with logger for improved logging in workflows | refactor: remove temporary error throw from exchange order payment workflow"
posx-comet-admin,src/routes,correction,bug_fix,31,10,2025-03-21,2026-08-31,role-filder-fix | comet-hq-fixes | fix: apply CodeRabbit auto-fixes
posx-comet-store,src/pages,other,other,30,9,2025-04-02,2026-09-03,auto-login-use-while-resuming-pending-online-order | Update src/pages/online-orders/details/_layout.tsx | commit
posx-mokobara-backend,src/modules,other,other,30,6,2025-11-05,2026-06-01,Finnoto Integration Final Commit | Finnoto Integration Final Commit | credit note global to manual name change and credit note payment has done then s
posx-eume-store,src/components,other,other,29,6,2025-08-18,2026-08-12,Merge pull request #136 from devx-commerce/feat/store-coupon-auto-apply-no-appro | removed: coupon listing from home page | remove: OOS condition
posx-ugaoo-store,src/components,other,other,29,2,2026-03-11,2026-05-05,remove stn from sidebar | approval model removed | clickup bugs for high and low bugs
posx-ugaoo-backend,.github/workflows,ops_config,ci_build,28,6,2026-03-10,2026-07-21,Change ECS service name from dev to uat | Change ECS service name from dev to uat | update workflow
posx-comet-backend,.github/workflows,ops_config,ci_build,27,6,2025-05-13,2026-08-04,ci: migrate legacy deploy.yml to self-hosted arm64 runner | add: uat deploy file in dev | chore: update runner
posx-mokobara-backend,src/modules,data_schema,data_schema,27,4,2025-11-24,2026-08-01,"chore(migrations): add missing schema migrations for Wondersoft SR→SI linkage | chore(migrations): add missing schema migrations for Wondersoft SR→SI linkage | cleanup: discard blank-line noise, delete unused is_engraving_service migration"
posx-eume-backend,src/workflows,code_health,refactor,25,7,2025-09-10,2026-08-24,"refactor(return-approval): remove the RETURN_APPROVAL_MODE flag | refactor(return-approval): rename kind to type, take the mail, drop the attempt  | refactor(return-approval): remove the RETURN_APPROVAL_MODE flag"
posx-frido-backend,src/api,other,other,25,6,2025-08-07,2026-06-16,email report of completed gatepasses | reconcilation script for gatepasses | feat : get uni order
posx-frido-store,.github/workflows,ops_config,ci_build,24,4,2025-08-11,2026-09-01,ci: migrate deploy workflows to self-hosted GCP runners (#179) | ci: migrate deploy workflows to self-hosted GCP runners | ci: migrate deploy workflows to self-hosted GCP runners
posx-mokobara-store,src/store,correction,bug_fix,24,5,2025-11-26,2026-08-18,fix(inwards): close the remaining gaps in the date guard and API validation | fix(inwards): guard the Inwards Log date range and type its API contract | fix: surface backend error message on return order failure
posx-comet-store,src/components,code_health,refactor,23,7,2025-03-16,2026-07-15,refactor: extract shared transaction action-visibility logic | refactor: remove unused imports and improve code formatting in payment component | refactor: simplify order completion logic in payment details
posx-eume-backend,src/api,correction,bug_fix,23,6,2025-09-05,2026-08-24,revert(return-approval): leave src/api/middlewares.ts untouched | fix(return-approval): make a misconfigured environment say so | revert(return-approval): leave src/api/middlewares.ts untouched
posx-ugaoo-backend,src/modules,correction,bug_fix,23,4,2026-03-20,2026-09-02,revert: remove sku from ShopifyVariant model and sync step (#313) | revert: remove unnecessary migration and snapshot for sku (#312) | fix: use product_variant.sku via link for sample_skus (no migration needed) (#31
posx-mokobara-store,src/pages,other,other,22,4,2025-11-18,2026-08-24,"Reset all per-order state on :orderId change, not just the approver | ix(orders): persist date range, search, and filters across navigation to order-d | exchange flow"
posx-comet-store,src/store,correction,bug_fix,20,5,2025-04-03,2026-08-24,"comet-hq-fixes | fix: address CodeRabbit review findings on PR #199 | fix: type customer address API calls, drop implicit any"
posx-eume-admin,src/routes,correction,bug_fix,20,5,2025-09-11,2026-08-26,"fix(store-coupon): remove Maximum quantity >= Minimum quantity validation | fix(store-coupon): remove Maximum quantity >= Minimum quantity validation | fix(discounts): reject 0% as a max allowed discount, and surface the error"
posx-ugaoo-admin,.github/workflows,ops_config,ci_build,20,3,2026-03-17,2026-07-17,change runs-on | change runs-on | create a uat workflow
posx-ugaoo-admin,src/routes,other,other,20,2,2026-03-11,2026-05-06,Enhance coupon and assortment functionality with BXGY options and UI improvement | WIP: assortment | Bundles: Advanced Filter not working on Admin Panel
posx-ugaoo-store,.github/workflows,ops_config,ci_build,20,4,2026-03-17,2026-07-24,Change runner from ubuntu-latest to X64 | change bucket name | change bucket name
posx-frido-store,src/pages,other,other,19,3,2025-07-23,2026-02-02, feat(reverse-oms): snapmint integrations | update: enhance fallback order form URL handling and improve QR image fetching l | replace+91-compare-for-auto-login
posx-eume-store,src/pages,correction,bug_fix,18,9,2025-09-02,2026-08-24,fix(returns): actually send the verification code | fix(return-approval): remove the now-dead requesterId plumbing | fix(returns): actually send the verification code
posx-eume-store,src/components,code_health,refactor,18,5,2025-09-01,2026-08-12,docs(discounts): correct how the gift card is priced in the control comment | docs(discounts): correct how the gift card is priced in the control comment | refactor(sidebar): extract SidebarContent for drawer reuse
posx-frido-admin,.github/workflows,ops_config,ci_build,18,3,2025-08-06,2026-09-01,ci: migrate deploy workflows to self-hosted GCP runners (#135) | ci: migrate deploy workflows to self-hosted GCP runners (#136) | ci: migrate deploy workflows to self-hosted GCP runners
posx-frido-store,src/pages,correction,bug_fix,18,5,2025-08-11,2026-06-22,fix(payment-details): handle order error state and prevent auto order placement | fix(payment-details): handle order error state and prevent auto order placement | fix: csat export now respects active filters from feedback logs
posx-mokobara-backend,src/workflows,ops_config,ci_build,18,2,2025-11-20,2026-04-14,# feat: implement cart revalidation workflow | Refactor change quantity workflow to validate Shopify inventory availability. Re | Refactor personalization constants and update workflow steps for quantity valida
posx-frido-backend,.github/workflows,ops_config,ci_build,17,3,2025-08-01,2026-09-01,"ci: migrate deploy workflows to self-hosted GCP runners | chore(ci): reset dev to uat, keep dev deploy workflow | chore(ci): migrate to self-hosted GCP runners (#329)"
posx-comet-backend,src/lib,correction,bug_fix,16,5,2025-04-11,2026-08-25,fix(gift-card): validate custom capability bindings | fix(promotion): fail closed in production without authority | fix(prd): validate custom promotion strategy outputs
posx-comet-store,.github/workflows,ops_config,ci_build,16,7,2025-05-13,2026-08-31,ci: restore dev deploy workflow and build:dev script | ci: migrate UAT deploy workflow to self-hosted arm64 runner | chore: updated from gifthub native runner to gcp hosted runners
posx-ugaoo-store,src/pages,correction,bug_fix,16,4,2026-03-25,2026-08-19,"fix: wrap onSubmit in handleSubmit to resolve TS2345 SubmitHandler type error | fix: address CodeRabbit review — remove PIN-exposing log, fix modal close timing | fix: remove unnecessary console logs and clear stale coupon metadata in exchange"
posx-demo-backend,.github/workflows,ops_config,ci_build,15,5,2026-04-21,2026-09-01,deploy-dev: recompute image ref in deploy job instead of build output | ci(dev): trim newline from AWS_REGION/ROLE_ARN in plain OIDC step | ci(dev): run zero JS actions in kaniko build job
posx-frido-backend,src/lib,correction,bug_fix,15,2,2025-07-23,2026-08-26,fix: reject non-finite semaphore capacity and PDF render timeout | fix: bound Puppeteer PDF concurrency and guarantee Chromium cleanup | fix: address CodeRabbit review — guard error-recovery paths
posx-mokobara-store,src/components,code_health,refactor,15,5,2025-12-11,2026-08-07,"refactor(gift-voucher): move code helpers to voucher-utils | refactor: rename loading/error variables, comment out exchange-details route | refactor: use isAddOn instead of isEngravingService for engraving cart items"
